turn,agent,role,action,order,filled,cash,food,alive,reason,harvest,spoiled_total
1,Ada,farmer,FARM,NONE,0,19,5,True,[FARM NONE] Turn 1: I need to start building my food reserve to ensure I don't run out of food as the game progresses. Selling is not necessary yet as I have enough cash to cover my needs.,3,0
1,Bram,farmer,FARM,SELL 1@4,0,19,5,True,"[FARM SELL 1 AT 4] I should farm to increase my food supply, and then post a sell order for the excess food at a slightly higher price than last turn. Since there are no orders from the last turn, I will ask for 4 cash ",3,0
1,Cy,worker,WORK,BUY 2@3,0,24,2,True,[WORK BUY 2 AT 3] I need to work to earn cash to buy food since I only have 3 food and the game will deduct 1 cash just to think.,0,0
1,Dot,worker,WORK,BUY 2@3,0,24,2,True,"[WORK BUY 2 AT 3] I need to work to earn cash and buy food since I currently have only 3 food, which is below my ideal level. I will bid the last market price of 3 for food, as it hasn't been bid yet.",0,0
1,Eli,worker,WORK,BUY 2@3,0,24,2,True,"[WORK BUY 2 AT 3] I need to work to earn cash to buy food since I only have 3 food items and the game is already on the first turn. I will post a buy order at the last market price, which is 3, to start.",0,0
2,Ada,farmer,FARM,NONE,0,18,6,True,"[FARM NONE] Given the current market conditions and my strategy, I should continue farming to increase my food supply. With 5 food, I can afford to farm and still have enough for myself, adhering to my strategy o",3,1
2,Bram,farmer,FARM,SELL 4@3,4,30,3,True,"[FARM SELL 4 AT 3] Last turn, my SELL 1 AT 4 order did not fill, so I'll lower my price by 1 to try to sell more food. I need to ensure I'm not holding onto too much food as it will start to rot by the next turn.",3,0
2,Cy,worker,WORK,BUY 2@4,0,28,1,True,"[WORK BUY 2 AT 4] I have 2 food, which is below my threshold of 3, so I need to post a buy order. The last bid was 3, so I will bid 4 this turn to increase my chances of filling the order.",0,0
2,Dot,worker,WORK,BUY 2@4,2,22,3,True,"[WORK BUY 2 AT 4] I have 2 food, which is below my threshold of 3, so I need to buy 2 food. The last bid was 3, so I will bid 4 this turn to increase my chances of getting the food.",0,0
2,Eli,worker,WORK,BUY 2@4,2,22,3,True,"[WORK BUY 2 AT 4] I need to work to earn more cash and then buy food. My current bid was 3 and the last market price was 3, so I will bid 4 this turn to increase my chances of getting food.",0,0
3,Ada,farmer,FARM,NONE,0,17,6,True,"[FARM NONE] Given the current state, I should continue to farm to increase my food reserve, as I still have a few turns to build up before shifting to the selling phase. However, I should also be cautious to ensu",3,3
3,Bram,farmer,FARM,SELL 1@4,0,29,5,True,"[FARM SELL 1 AT 4] Given the current market conditions and my strategy, I will continue to farm and sell my excess food. The market is showing a price of 3, and I should ask for 4 this turn. Since my sell order from las",3,0
3,Cy,worker,WORK,NONE,0,32,0,True,"[WORK BUY NONE] I need to work to earn cash since I have only 1 food and am below the threshold to post a buy order. Working will give me more cash, which I can use to buy food later.",0,0
3,Dot,worker,WORK,NONE,0,26,2,True,"[WORK NONE] I have 3 food, which is enough for now. The market price is 3, and my last bid was 3, so I won't change it. I should work to earn more cash.",0,0
3,Eli,worker,WORK,BUY 2@3,0,26,2,True,"[WORK BUY 2 AT 3] Eli has 3 food and has not eaten in 0 turns, so he needs to buy more food. He should post a buy order at the last market price of 3 to secure food for the next turn.",0,0
4,Ada,farmer,FARM,SELL 1@3,1,19,6,True,"[FARM SELL 1 AT 3] Considering the current food and cash levels, I should continue to build my food reserve while ensuring I have enough cash to cover expenses. Selling a small quantity of food will help maintain cash r",3,4
4,Bram,farmer,FARM,SELL 3@3,3,37,4,True,"[FARM SELL 3 AT 3] Given that I have 5 food and only need 1 for the turn, I'll keep 2 for myself and sell the excess at the current market price of 4. Since my sell order from last turn did not fill, I'll ask 3 coins pe",3,0
4,Cy,worker,WORK,BUY 2@4,2,30,1,True,"[WORK BUY 2 AT 4] I need to work to earn more cash and buy food. The market price is stable at 3, so I should bid slightly higher to ensure a chance of getting food.",0,0
4,Dot,worker,WORK,BUY 2@3,0,30,1,True,[WORK BUY 2 AT 3] I need to work to earn more cash since I only have 2 food and can't afford to lose any turns without eating. Posting a buy order at the last market price of 3 would be wise to try and acquire more foo,0,0
4,Eli,worker,WORK,BUY 2@3,2,24,3,True,"[WORK BUY 2 AT 3] I have 2 food, which is safe for now, but I need to ensure I have more by the next turn. Posting a buy order at the last market price seems wise to secure some food.",0,0
5,Ada,farmer,FARM,SELL 1@3,1,21,6,True,"[FARM SELL 1 AT 3] Given the current situation, it's crucial to continue building my food reserve while ensuring I don't run out of cash. Selling one food this turn will help maintain my cash reserves.",3,5
5,Bram,farmer,FARM,SELL 2@3,2,42,4,True,"[FARM SELL 2 AT 3] Given the current situation, I should continue to farm and sell my surplus food. With 4 food and 36 cash, I can afford to sell 2 food at the current market price of 3, as per my strategy.",3,0
5,Cy,worker,WORK,BUY 2@3,1,31,1,True,"[WORK BUY 2 AT 3] I need to work to earn more cash to buy food. The market price is 3, so I should bid 3 to have a reasonable chance of getting food.",0,0
5,Dot,worker,WORK,BUY 2@4,2,28,2,True,"[WORK BUY 2 AT 4] Given that I have only 1 food and 29 cash, I need to buy 1 more food to avoid going without eating this turn. The last market price was 3, so I will bid 4 to ensure I get a better price if possible.",0,0
5,Eli,worker,WORK,BUY 2@3,0,28,2,True,"[WORK BUY 2 AT 3] I need to work to earn more cash, as I currently have only 3 food and I've been instructed to bid the last market price, which is 3.",0,0
6,Ada,farmer,FARM,NONE,0,20,6,True,"[FARM NONE] After 6 turns, I've built up a modest food reserve and have enough cash to cover my needs. Selling one food this turn will help maintain my cash balance and prevent it from falling below 5.",3,7
6,Bram,farmer,FARM,SELL 2@2,2,47,4,True,"[FARM SELL 2 AT 2] Given the current market conditions and my strategy, I see that the last market price was 3, and my sell order from last turn did not fill. Therefore, I will adjust my asking price to 2 this turn to a",3,0
6,Cy,worker,WORK,BUY 2@3,0,35,0,True,"[WORK BUY 2 AT 3] I need to work to earn more cash since I only have 1 food and no cash to spare for buying food. Posting a buy order at the last market price of 3 might get filled, but if not, I'll increase the bid ne",0,0
6,Dot,worker,WORK,BUY 2@3,0,32,1,True,"[WORK BUY 2 AT 3] I have 2 food and 27 cash. Given the prices and my current food stock, I should post a buy order to secure food before my food supply runs out.",0,0
6,Eli,worker,WORK,BUY 2@4,2,26,3,True,"[WORK BUY 2 AT 4] With only 2 food and no more turns before I need to eat, I should post a buy order to ensure I have food for the next turn. The last market price was 3, so I'll bid 4 to ensure I get a deal.",0,0
7,Ada,farmer,FARM,NONE,0,19,6,True,"[FARM NONE] Considering the current low market price and the need to build a reserve, I should farm to increase my food supply.",3,9
7,Bram,farmer,FARM,SELL 2@2,2,52,4,True,"[FARM SELL 2 AT 2] Last turn, the market price was 3, and my order did not fill, so I should reduce my asking price to 2 this turn. Selling 2 food at 3 each will keep my price competitive and allow me to maintain my sto",3,0
7,Cy,worker,WORK,BUY 2@4,0,39,0,True,"[WORK BUY 2 AT 4] I need to work to earn more cash since I have no food. The market price is steady at 3, and I should match or slightly increase my bid to secure food.",0,0
7,Dot,worker,WORK,BUY 2@4,2,30,2,True,"[WORK BUY 2 AT 4] I have 1 food and 31 cash. The market price is stable at 3, and my last bid did not fill, so I will increase my bid by 1 to 4.",0,0
7,Eli,worker,WORK,NONE,0,30,2,True,"[WORK NONE] I have 3 food, so I don't need to post a buy order. The market price is steady at 3, and since my order from last turn did not fill, I will bid 4 this turn.",0,0
8,Ada,farmer,FARM,SELL 4@3,4,30,4,True,"[FARM SELL 4 AT 3] Considering the current market price of 3 and the need to keep at least 2 food for myself, I should sell some food to increase my cash. However, selling too much could lead to stockouts and potential ",3,9
8,Bram,farmer,FARM,SELL 2@4,0,51,6,True,"[FARM SELL 2 AT 4] Last turn, I sold 2 food at 3 each, so the last market price was 3. Since I didn't sell all my food, I'll ask 1 less than last turn, which is 4. This turn, I'll farm to grow more food and post a sell ",3,0
8,Cy,worker,WORK,BUY 2@3,0,43,0,True,[WORK BUY 2 AT 3] I need to work to earn more cash since I currently have no food. Posting a buy order at the last market price of 3 might help acquire some food.,0,0
8,Dot,worker,WORK,BUY 2@3,2,28,3,True,[WORK BUY 2 AT 3] I need to work to earn more cash since I only have 2 food and it will be hard to survive the turns without restocking. I should post a buy order at the last market price to try and get some food.,0,0
8,Eli,worker,WORK,BUY 2@4,2,28,3,True,"[WORK BUY 2 AT 4] I have 2 food, which is sufficient for now, but I'm still below the threshold of 3 food. The last market price was 3, so I'll bid 4 to ensure I get the food I need. Ada has only 6 food, so she might b",0,0
9,Ada,farmer,FARM,SELL 2@3,0,29,6,True,"[FARM SELL 2 AT 3] After assessing the current market conditions and my resources, I should continue selling food to generate cash while ensuring I have enough food to avoid spoilage and meet my basic needs.",3,9
9,Bram,farmer,FARM,SELL 4@3,4,62,4,True,"[FARM SELL 4 AT 3] Last market price was 3, so I will ask 4 for my sell order this turn. My sell order from last turn did not fill, so I will lower my price to 3.",3,0
9,Cy,worker,WORK,BUY 2@3,2,41,1,True,"[WORK BUY 2 AT 3] I need to work to earn more cash since I have no food. Posting a buy order at the last market price of 3 might get filled, as the sellers are offering food at that price.",0,0
9,Dot,worker,WORK,BUY 2@4,2,26,4,True,"[WORK BUY 2 AT 4] Given my current cash and food, I should work to earn more cash. Since the last market price was 3 and my buy order from the previous turn did not fill, I should increase my bid to 4 to try and get fo",0,0
9,Eli,worker,WORK,NONE,0,32,2,True,"[WORK NONE AT 4] I have 3 food and no need to work for cash. The market price is still 3, and since my order last turn didn't fill, I'll bid 4 this turn.",0,0
10,Ada,farmer,FARM,NONE,0,28,6,True,"[FARM NONE] After 10 turns, I should be focusing on building my food reserve since I haven't sold any food yet. I need to ensure I have enough to last me through the next few turns without having to rest.",3,11
10,Bram,farmer,FARM,SELL 2@4,2,69,4,True,"[FARM SELL 2 AT 4] Turn 10: I have 4 food, need to sell 2 to keep 2 for myself. Market price is 3, so I'll ask 4 for the remaining food. My last order didn't fill, so I'll ask the same price.",3,0
10,Cy,worker,WORK,BUY 2@4,0,45,0,True,"[WORK BUY 2 AT 4] Since I have only 1 food and the next turn I will eat it, I need to buy 2 more foods to ensure I don't starve on the next turn. The last market price was 3, so I will bid 4 this time to increase my ch",0,0
10,Dot,worker,WORK,BUY 2@4,2,22,5,True,"[WORK BUY 2 AT 4] I have 4 food, which is enough for now, but I should prepare for potential shortages. The last market price was 3, and my buy order from last turn did not fill, so I should increase my bid to 4.",0,0
10,Eli,worker,WORK,BUY 2@3,0,36,1,True,[WORK BUY 2 AT 3] I need to work to earn more cash since I only have 2 food and it's essential to buy food soon. Posting a buy order at the last market price seems prudent.,0,0
11,Ada,farmer,FARM,NONE,0,27,6,True,"[FARM NONE] Given the current state, I should continue to build my food reserve while ensuring I don't fall below the critical cash or food levels. Selling one food now would not be wise, as the market price is l",3,13
11,Bram,farmer,FARM,SELL 2@3,2,74,4,True,"[FARM SELL 2 AT 3] Given the current market conditions and the strategy sheet, I will continue to farm and sell my excess food. The market is stable with a price of 4 per food, and my sell order from last turn did not f",3,0
11,Cy,worker,WORK,BUY 2@4,2,43,1,True,[WORK BUY 2 AT 4] I need to work to earn more cash since I have no food and no orders filled. I will post a buy order at the last market price to try and get some food.,0,0
11,Dot,worker,WORK,NONE,0,26,4,True,"[WORK BUY NONE AT 5] I currently have 5 food, which is more than 3, so I don't need to post a buy order. The market price from the last turn was 4, so I'll bid 5 this turn to increase my chances of getting food without ov",0,0
11,Eli,worker,WORK,BUY 2@3,0,40,0,True,"[WORK BUY 2 AT 3] I need to work to earn more cash, as I currently have only 1 food and will need to buy more to avoid going without food. I will post a buy order at the last market price of 3, as my previous order did",0,0
12,Ada,farmer,FARM,NONE,0,26,6,True,"[FARM NONE] Given the current situation, I should continue to farm to increase my food supply before the market prices might rise significantly. With 6 food, I can afford to farm and still have enough to meet my ",3,15
12,Bram,farmer,FARM,SELL 2@4,2,81,4,True,"[FARM SELL 2 AT 4] Last turn's market price was 3, so this turn I will ask 4 for my sell order. My sell order from last turn did not fill, so I will ask the same price this turn.",3,0
12,Cy,worker,WORK,BUY 2@3,0,47,0,True,[WORK BUY 2 AT 3] I have 1 food and no orders filled last turn. I should post a buy order at the last market price of 3.,0,0
12,Dot,worker,WORK,NONE,0,30,3,True,"[WORK BUY NONE AT 4] I have 4 food, which is enough to avoid posting a buy order. The market price is stable at 3, and since I didn't buy last turn, I'll bid 4 to compete.",0,0
12,Eli,worker,WORK,BUY 2@4,2,36,1,True,"[WORK BUY 2 AT 4] Eli has no food and should buy some. The last market price was 3, and since his order from last turn did not fill, he should bid 4 this time to increase his chances.",0,0
13,Ada,farmer,FARM,NONE,0,25,6,True,"[FARM NONE] Turn 13 is approaching the midpoint of the first phase of my strategy, so it's crucial to continue building my food reserve while ensuring I have enough cash to buy low when prices drop.",3,17
13,Bram,farmer,FARM,SELL 4@4,4,96,2,True,"[FARM SELL 4 AT 4] Given that the market price is currently at 4 and I have 4 food, I'll sell all of it to clear the inventory and fund my continued farming. Selling at 4 will ensure I get a good price for my food.",3,0
13,Cy,worker,WORK,BUY 2@3,0,51,0,True,"[WORK BUY 2 AT 3] I have 0 food and 46 cash. According to my strategy, I should post a BUY 2 AT 3 order since the last bid was 3 and my order did not fill last turn.",0,0
13,Dot,worker,WORK,BUY 2@5,2,26,4,True,"[WORK BUY 2 AT 5] I have 3 food, which is sufficient for now. The market price is at 4, and my buy order from last turn did not fill, so I should bid 1 more, which is 5.",0,0
13,Eli,worker,WORK,BUY 2@4,2,32,2,True,"[WORK BUY 2 AT 4] Given that I only have 1 food and I will need to eat, I should buy 2 food at the last market price of 4 to ensure I have enough for the next turn.",0,0
14,Ada,farmer,FARM,SELL 2@4,1,28,6,True,"[FARM SELL 2 AT 4] Given that we are on turn 14 and my reserve of food is at 6, I should start selling some of it to ensure I have enough cash to avoid running out before the game ends. Selling now will also help clear ",3,18
14,Bram,farmer,FARM,SELL 1@4,1,99,3,True,"[FARM SELL 1 AT 4] Given that I currently have 2 food and I need to keep 1 for myself, I will post a sell order for 1 food at the current market price of 4. This aligns with my strategy of asking for 1 more than the las",3,0
14,Cy,worker,WORK,BUY 2@3,0,55,0,True,"[WORK BUY 2 AT 3] I need to work to earn cash, as I currently have no food. Posting a buy order at the last market price seems reasonable to try and acquire food.",0,0
14,Dot,worker,WORK,NONE,0,30,3,True,"[WORK BUY NONE AT 5] I have 4 food, which is enough to avoid buying for now. The market price is at 4, and since my buy order from last turn did not fill, I'll bid 5 this turn.",0,0
14,Eli,worker,WORK,BUY 2@5,2,28,3,True,"[WORK BUY 2 AT 5] I need to work to earn more cash and buy food. The market price is 4, and since my buy order from last turn did not fill, I will bid 5 this time.",0,0
15,Ada,farmer,FARM,SELL 2@4,2,35,4,True,"[FARM SELL 2 AT 4] Given the current situation, I should continue to farm to replenish my food supply and ensure I don't run out of food for future turns. The market seems stable, with prices around 4, so I can sell som",1,18
15,Bram,farmer,FARM,SELL 1@5,0,98,3,True,"[FARM SELL 1 AT 5] Given the current market price of 4, I should post a sell order for the extra food I have, asking for 5. Since my last sell order didn't fill, I should increase the price to ensure I get a better deal",1,0
15,Cy,worker,WORK,BUY 2@3,0,59,0,False,"[WORK BUY 2 AT 3] Given that I have no food and my cash is still relatively healthy, I should work to earn more cash. Since I don't have any food, I'll need to post a buy order at the last market price to secure some f",0,0
15,Dot,worker,WORK,BUY 2@4,2,26,4,True,"[WORK BUY 2 AT 4] Dot currently has 3 food, which is less than the recommended 5, so she should post a buy order. The last market price was 4, so she will bid 4 to start with.",0,0
15,Eli,worker,WORK,BUY 2@4,0,32,2,True,"[WORK BUY 2 AT 4] I need to work to earn more cash since I only have 3 food and my cash is not yet sufficient to buy what I need. Given the last market price and my strategy, I should post a buy order for 2 food at 4 e",0,0
16,Ada,farmer,FARM,NONE,0,34,4,True,"[FARM NONE] After 15 turns of farming, I have a decent food reserve, and now it's time to start selling to generate cash. However, the market price is still steady at 4, and I need to ensure I don't run out of fo",1,18
16,Bram,farmer,FARM,SELL 3@4,3,109,0,True,"[FARM SELL 3 AT 4] I will farm to grow my food supply and post a sell order for the excess food at a slightly higher price than the last market price. Since my sell order from last turn did not fill, I will ask for 3 fo",1,0
16,Dot,worker,WORK,BUY 2@4,1,26,4,True,"[WORK BUY 2 AT 4] I have 4 food, which is enough for now, but I should prepare for the next turn. The market price is stable at 4, and I should continue to bid at this level to secure food.",0,0
16,Eli,worker,WORK,BUY 2@4,2,28,3,True,"[WORK BUY 2 AT 4] I need to work to earn more cash, as I currently have only 2 food and will likely need to buy more. Posting a buy order at the last market price of 4 might get filled, given the demand for food.",0,0
17,Ada,farmer,FARM,NONE,0,33,4,True,"[FARM NONE AT 4] Given the current state, it's crucial to start selling food now to avoid spoilage and ensure I have enough cash to last the remaining turns. With only 4 food and 33 cash, I need to sell some to genera",1,18
17,Bram,farmer,FARM,SELL 3@3,1,111,0,True,"[FARM SELL 3 AT 3] Given that I have no food left to eat and my cash is relatively high, I need to ensure I can sell my excess food to the market. Since the last price was 4, I should ask for 5 this turn. My sell order ",1,0
17,Dot,worker,WORK,BUY 2@4,0,30,3,True,"[WORK BUY 2 AT 4] I have 4 food, which is enough for now, but I should be cautious as my cash is relatively low compared to the other players. Given the current market price and my strategy, I should post a buy order t",0,0
17,Eli,worker,WORK,BUY 2@4,1,29,3,True,"[WORK BUY 2 AT 4] I need to work to earn more cash, as I currently have only 3 food. Posting a buy order at the last market price of 4 might not be necessary since the price hasn't changed, but I should bid slightly hi",0,0
18,Ada,farmer,FARM,SELL 2@4,2,40,2,True,"[FARM SELL 2 AT 4] After 18 turns, I've built up a decent food reserve but haven't sold much yet. I should start selling some food to generate cash, as my current stock will start spoiling soon.",1,18
18,Bram,farmer,FARM,SELL 2@2,1,114,0,True,"[FARM SELL 2 AT 2] Last turn, I sold one food for 3 each, and the market price was 3. My sell order from last turn didn't fill, so I'll ask 2 this turn. I need to keep farming to ensure I have food to sell.",1,0
18,Dot,worker,WORK,BUY 2@4,2,26,4,True,"[WORK BUY 2 AT 4] I have 3 food, which is enough for now. The market price is at 4, and since my last bid was 3, I should bid 4 this turn to potentially fill my order.",0,0
18,Eli,worker,WORK,BUY 2@4,1,29,3,True,"[WORK BUY 2 AT 4] Last turn, the market price was 3, and I bought 1 food. Since I didn't fill my order, I should bid 4 this time to try and get more food. I'll work to earn some cash first and ensure I have enough for ",0,0
19,Ada,farmer,FARM,NONE,0,39,2,True,"[FARM NONE] Considering the current state and the approaching market dynamics, it's crucial to start selling food to generate cash while ensuring I maintain a reserve for the next turn. Selling now can secure a b",1,18
19,Bram,farmer,FARM,SELL 3@4,1,117,0,False,"[FARM SELL 3 AT 4] Given the current market conditions and my strategy, I should continue to farm as I need to keep my food supply healthy. With no food to eat, I need to ensure I have at least 2 food for the next turn.",1,0
19,Dot,worker,WORK,BUY 2@5,1,26,4,True,"[WORK BUY 2 AT 5] I need to work to earn cash to buy food. The market price is 4, and my last bid was at 4, so I will bid 5 this time to hopefully secure some food.",0,0
19,Eli,worker,WORK,BUY 2@4,0,33,2,True,"[WORK BUY 2 AT 4] Eli has 3 food, which is enough for now, but he should be cautious as the game progresses. He should buy more food to avoid running out later. Given the last market price of 4, he should bid slightly ",0,0
20,Ada,farmer,FARM,SELL 1@4,1,42,1,True,"[FARM SELL 1 AT 4] Considering the current prices and my need to maintain at least 2 food, I should sell one food to ensure I have enough cash to cover the next turn and keep my food supply fresh.",1,18
20,Dot,worker,WORK,BUY 2@5,1,26,4,True,"[WORK BUY 2 AT 5] I have 4 food, which is enough to avoid starvation. The market price is 4, and since my last bid was 4, I will bid 5 this time to potentially get a better deal.",0,0
20,Eli,worker,WORK,BUY 2@4,0,37,1,True,"[WORK BUY 2 AT 4] I need to work to earn more cash, as I currently have only 2 food and need to buy some. Posting a buy order at the last market price of 4 would be sensible.",0,0
21,Ada,farmer,FARM,NONE,0,41,1,True,"[FARM NONE] Considering the current market price of 4 and the need to maintain at least 2 food for myself, I should sell 1 food to maintain my cash at 5 or more.",1,18
21,Dot,worker,WORK,BUY 2@5,0,30,3,True,"[WORK BUY 2 AT 5] I need to work to earn more cash and then buy food. The market price is 4, so I'll bid 5 to have a better chance of getting food.",0,0
21,Eli,worker,WORK,BUY 2@4,0,41,0,True,"[WORK BUY 2 AT 4] I need to work to earn more cash since I only have 1 food and my cash is at a healthy level. Posting a buy order at the last market price will help me acquire more food, ensuring I don't go hungry.",0,0
22,Ada,farmer,REST,SELL 1@4,1,44,0,True,"[REST SELL 1 AT 4] Given the current state, it's crucial to start selling food to generate cash while ensuring I don't run out of food or fall below the minimum cash threshold. With only 1 food, I can't farm this turn a",0,18
22,Dot,worker,WORK,BUY 2@3,0,34,2,True,"[WORK BUY 2 AT 3] I need to work to earn cash since I currently have only 3 food and can't grow it myself. Posting a buy order at the last market price of 3 would be wise, as it aligns with my strategy.",0,0
22,Eli,worker,WORK,BUY 2@5,1,41,0,True,"[WORK BUY 2 AT 5] I need to work to earn more cash since I have no food. Given the last price was 4 and my buy order did not fill, I should bid 5 this time to increase my chances of getting food.",0,0
23,Ada,farmer,FARM,SELL 1@4,1,47,1,True,"[FARM SELL 1 AT 4] Considering the current market demand and my need to maintain a food reserve, I should sell some food to generate cash. The market is currently stable at 4, so I can sell at that price without risking",3,18
23,Dot,worker,WORK,BUY 2@4,0,38,1,True,"[WORK BUY 2 AT 4] I need to work to earn more cash, as I currently have only 2 food and no cash to spare for buying more food at 3 or higher. Since my order from last turn did not fill, I will bid 4 this time, hoping t",0,0
23,Eli,worker,WORK,BUY 2@5,1,41,0,True,"[WORK BUY 2 AT 5] Eli has no food, so he needs to buy some. The last market price was 4, so he should bid 5 to get a better price. His buy order from last turn did not fill, so he should bid 5 again.",0,0
24,Ada,farmer,REST,SELL 1@4,1,50,0,True,"[REST SELL 1 AT 4] Given the current market prices and my inventory, it's crucial to sell the food I have to maintain cash flow and avoid spoilage. The market price of 4 per food unit seems fair, and selling my only foo",0,18
24,Dot,worker,WORK,BUY 2@4,0,42,0,True,"[WORK BUY 2 AT 4] Given the current market price and my food stock, I should work to earn more cash. With only 1 food and no turns without eating, I need to ensure I can buy food in the next turn. My last bid was 4, an",0,0
24,Eli,worker,WORK,BUY 2@5,1,41,0,True,"[WORK BUY 2 AT 5] I need to work to earn more cash and buy food. The last market price was 4, so I'll bid 5 this time to increase my chances of getting food.",0,0
25,Ada,farmer,FARM,SELL 2@4,2,57,0,True,"[FARM SELL 2 AT 4] Given that it's now turn 25 and I have 49 cash, I should start selling more food to increase my cash reserves and prepare for future turns. However, I need to ensure I don't run out of food by the end",3,18
25,Dot,worker,WORK,BUY 2@4,0,46,0,True,"[WORK BUY 2 AT 4] I need to work to earn more cash and buy food. The market price is stable at 4, and I should post a buy order to secure some food.",0,0
25,Eli,worker,WORK,BUY 2@5,2,37,1,True,"[WORK BUY 2 AT 5] Since the market price is 4 and I have no food, I should post a buy order to secure some food. The last bid was 4, so I will bid 5 this time to ensure I get the food.",0,0
26,Ada,farmer,FARM,NONE,0,56,2,True,"[FARM NONE AT 0] Given the current situation and my strategy, it's crucial to start selling food to generate cash since we are now past the initial farming phase. The market price is currently steady at 4, so I should",3,18
26,Dot,worker,WORK,BUY 2@5,0,50,0,True,"[WORK BUY 2 AT 5] I need to work to earn cash and post a buy order for food. The market price is stable at 4, and I didn't fill my order last turn, so I'll bid 5 this time.",0,0
26,Eli,worker,WORK,BUY 2@4,0,41,0,True,"[WORK BUY 2 AT 4] I need to work to earn more cash, as I currently have only 1 food and will need to buy more to avoid going hungry. I will post a buy order at the last market price of 4.",0,0
27,Ada,farmer,FARM,SELL 1@4,1,59,3,True,"[FARM SELL 1 AT 4] Considering the current market conditions and my need to maintain at least 5 cash, I should sell some of my food to ensure I don't fall below the minimum cash threshold. Selling now will also help in ",3,18
27,Dot,worker,WORK,BUY 2@4,1,50,0,True,"[WORK BUY 2 AT 4] I need to work to earn more cash before my next turn where I will definitely need to buy food. The market price is steady at 4, so I'll bid slightly higher to increase my chances of getting food.",0,0
27,Eli,worker,WORK,BUY 2@4,0,45,0,True,"[WORK BUY 2 AT 4] I need to work to earn more cash since I currently have no food and no cash surplus. I should post a buy order at the last market price of 4, as it did not fill last turn and the price is reasonable.",0,0
28,Ada,farmer,REST,SELL 1@4,1,62,1,True,"[SELL 1 AT 4] Considering the current market price of 4 and my need to keep at least 2 food for myself, I should sell 1 food this turn to maintain cash flow. However, I won't post a buy order yet, as the price is a",0,18
28,Dot,worker,WORK,BUY 2@4,1,50,0,True,"[WORK BUY 2 AT 4] I need to work to earn more cash, as I currently have no food and will have to buy it. Posting a buy order at the last market price of 4 would be wise, as it aligns with the current price and my strat",0,0
28,Eli,worker,WORK,BUY 2@3,0,49,0,True,"[WORK BUY 2 AT 3] I need to work to earn more cash and increase my chances of survival. Given I have no food, I should post a buy order at the last market price to try and acquire some food.",0,0
29,Ada,farmer,FARM,NONE,0,61,3,True,"[FARM NONE] Considering the current market prices and my need to maintain a cash buffer, it's wise to sell the food I have to avoid spoilage and ensure I have enough cash to survive the remaining turns.",3,18
29,Dot,worker,WORK,BUY 2@5,0,54,0,True,"[WORK BUY 2 AT 5] Given the current situation, I need to buy food as my food count is zero. The last market price was 4, and since my previous order did not fill, I will bid 5 this time to increase the chances of a suc",0,0
29,Eli,worker,WORK,BUY 2@3,0,53,0,False,"[WORK BUY 2 AT 3] I need to work to earn more cash since I have no food and my cash is on the lower side. Posting a buy order at the last market price seems reasonable, as it matches the current price of food.",0,0
30,Ada,farmer,FARM,SELL 2@4,2,68,3,True,"[FARM SELL 2 AT 4] Given the current situation, I should continue selling food to maintain my cash reserves and ensure I don't run out of food. The market price of 4 is relatively low, but it's better than risking spoil",3,18
30,Dot,worker,WORK,BUY 2@5,2,50,1,True,"[WORK BUY 2 AT 5] Given that I have no food and the market price is 3, I should buy 2 units at 4 to cover this turn. The bid I made last turn did not fill, so I'll increase the bid to 5 this turn.",0,0
31,Ada,farmer,FARM,SELL 2@4,2,75,3,True,"[FARM SELL 2 AT 4] Given the current state, I should continue to sell food to maintain cash flow and avoid spoilage. With only 3 food, I need to sell to ensure I have at least 2 for the next turn.",3,18
31,Dot,worker,WORK,BUY 2@5,2,46,2,True,"[WORK BUY 2 AT 5] I have 1 food and 49 cash. The last market price was 4, and since my buy order did not fill, I should bid 5 this time to increase my chances of getting food.",0,0
32,Ada,farmer,FARM,SELL 3@4,2,82,3,True,"[FARM SELL 3 AT 4] Given the current market dynamics and my strategy, I should continue to sell food as the prices are stable at 4, and I have a surplus. Selling will help maintain my cash balance and prevent spoilage o",3,18
32,Dot,worker,WORK,BUY 2@5,2,42,3,True,"[WORK BUY 2 AT 5] Given the current market conditions and my strategy, I should work to earn more cash. With only 2 food, I need to buy some to avoid going hungry. Since the last market price was 4 and my order didn't ",0,0
33,Ada,farmer,FARM,SELL 3@4,2,89,3,True,"[FARM SELL 3 AT 4] Given the current situation, it's crucial to maximize cash while ensuring I don't run out of food. With the market price at 4 and no immediate threat of spoilage, selling is the best strategy to boost",3,18
33,Dot,worker,WORK,BUY 2@4,2,38,4,True,"[WORK BUY 2 AT 4] Given the current situation, I should continue working to earn more cash. With only 3 food, I need to post a buy order to ensure I have enough to avoid starving.",0,0
34,Ada,farmer,REST,SELL 2@4,2,96,0,True,"[SELL 2 AT 4] Given that I have 3 food and 88 cash, and considering the market price remains steady at 4, it's crucial to sell some food to maintain my cash reserve and avoid the risk of spoilage. Selling now will ",0,18
34,Dot,worker,WORK,BUY 2@4,2,34,5,True,"[WORK BUY 2 AT 4] Given the current situation, I should work to earn more cash since I have less than 3 food and the price of food seems stable at 4. Posting a buy order would be wise to ensure I can get food before it",0,0
35,Ada,farmer,FARM,SELL 2@4,2,103,0,True,"[FARM SELL 2 AT 4] Considering the current market price of 4 and the need to keep at least 2 food for myself, I should sell some food to maintain cash flow and avoid spoilage. Selling too much might drop the market pric",3,18
35,Dot,worker,WORK,BUY 2@4,2,30,6,True,"[WORK BUY 2 AT 4] Since we have 5 food and it's not going to rot, I can work this turn and earn some cash without needing to buy food. The market price is steady at 4, so I'll bid 4 again to ensure I get some food if t",0,0
36,Ada,farmer,FARM,SELL 2@4,2,110,0,True,"[FARM SELL 2 AT 4] Considering the current market conditions and the need to maintain at least 2 food for myself, I should focus on selling some of the excess food to ensure I meet the minimum cash requirement. With the",3,18
36,Dot,worker,WORK,BUY 3@5,2,26,6,True,"[WORK BUY 3 AT 5] Given the current situation, I should work to earn more cash since I have enough food for now. However, it's wise to bid slightly higher than the last market price to secure some food, as the market p",0,1
37,Ada,farmer,FARM,SELL 2@4,2,117,0,True,"[FARM SELL 2 AT 4] Considering the current market price of 4 and my need to maintain at least 5 cash, I should sell some food to keep cash flowing. However, I also need to ensure I have enough to eat in the upcoming tur",3,18
37,Dot,worker,WORK,BUY 2@4,2,22,6,True,"[WORK BUY 2 AT 4] Given the current situation, I need to ensure I have enough food to avoid going hungry in the next turn. With the market price at 4, I should post a buy order to secure some food before the game ends.",0,2
38,Ada,farmer,FARM,SELL 2@4,2,124,0,True,"[FARM SELL 2 AT 4] Given the current situation, it's crucial to sell the food I have to maintain cash flow and avoid spoilage. I should aim to sell all the food I can produce and ensure I have enough cash to survive the",3,18
38,Dot,worker,WORK,BUY 2@4,2,18,6,True,"[WORK BUY 2 AT 4] Given the current market conditions and my strategy, I should work to earn cash since I have enough food for the next turn. The market price is stable at 4, and my last bid was 4, so I'll continue bid",0,3
39,Ada,farmer,FARM,SELL 2@4,2,131,0,True,"[FARM SELL 2 AT 4] Given the current state, it's crucial to ensure I don't run out of food or cash. With only one turn left and no food to eat, I need to act quickly to secure my food supply and maximize my cash. Sellin",3,18
39,Dot,worker,WORK,BUY 2@4,2,14,6,True,"[WORK BUY 2 AT 4] With only 6 food and 17 cash, I need to ensure I can eat this turn and have enough resources to work in the future. Posting a buy order at the last market price seems prudent.",0,4
40,Ada,farmer,FARM,NONE,0,130,2,True,"[FARM NONE] Given the current situation, I need to start selling food to maintain my cash and ensure I don't fall below the 5 cash threshold. With no food left to eat, I must act quickly to sell what I have and s",3,18
40,Dot,worker,WORK,NONE,0,18,5,True,"[WORK NONE] Given that I have 6 food and I can eat 1 food, I won't need to buy any more food this turn. My cash is at a reasonable level, and I should focus on earning more cash by working.",0,4
