turn,agent,role,action,order,filled,cash,food,alive,reason
1,Ada,farmer,FARM,SELL 1@4,0,19,5,True,"[FARM SELL 1 AT 4] Farming is crucial to build up food reserves, and since no orders were posted last turn, I'll start by setting a reasonable asking price for my surplus food."
1,Bram,farmer,FARM,SELL 1@4,0,19,5,True,"[FARM SELL 1 AT 4] This is the first turn, and I need to ensure I have enough food for the next few turns. I'll start by growing some food, and I'll also post a sell order to start establishing a price in the market."
1,Cy,worker,WORK,BUY 2@3,0,24,2,True,[WORK BUY 2 AT 3] I need to work and earn cash to buy food since I currently have only 3 food and I want to avoid posting a high bid that could deplete my cash too quickly.
1,Dot,worker,WORK,BUY 2@3,0,24,2,True,[WORK BUY 2 AT 3] I need to work to earn cash to buy food since I currently have only 3 food and no cash surplus to waste on resting. Posting a buy order at the last market price of 3 seems reasonable to secure some fo
1,Eli,worker,WORK,BUY 2@3,0,24,2,True,"[WORK BUY 2 AT 3] Eli has enough food for now, but he should be prepared to buy food if needed. He'll post a buy order at the last market price to ensure he can get food if necessary."
2,Ada,farmer,FARM,SELL 3@4,3,30,4,True,"[FARM SELL 3 AT 4] I will farm to increase my food supply. With 5 food, I will sell 3 of them at the last market price plus one, which is 4."
2,Bram,farmer,FARM,SELL 3@4,3,30,4,True,"[FARM SELL 3 AT 4] Given the current market conditions and my strategy, I should continue to farm and ensure I have enough food for the next turn. The market last turn showed no trade, so I'll start my selling price at "
2,Cy,worker,WORK,BUY 2@4,2,20,3,True,"[WORK BUY 2 AT 4] I need to work to earn more cash since I have only 2 food and no extra cash to buy more food this turn. My buy order did not fill last turn, so I will bid 4 this time to increase my chances of getting"
2,Dot,worker,WORK,BUY 2@4,2,20,3,True,"[WORK BUY 2 AT 4] I have 2 food, which is less than 3, so I should post a BUY order. The last market price was 3, and since my previous order did not fill, I will bid 4 this time."
2,Eli,worker,WORK,BUY 2@4,2,20,3,True,"[WORK BUY 2 AT 4] I currently have 2 food, so I need to post a buy order. The last market price was 3, and since my previous bid was 3, I will bid 4 this turn to improve my chances of filling the order."
3,Ada,farmer,FARM,SELL 2@5,0,29,6,True,"[FARM SELL 2 AT 5] Given that I have 4 food and 29 cash, I should sell 2 of my food at a price of 5 each, as the last market price was 4 and I should ask 1 more than that. Since my sell order from last turn did not fill"
3,Bram,farmer,FARM,SELL 2@5,0,29,6,True,"[FARM SELL 2 AT 5] This turn, I'll farm to increase my food supply and post a sell order for the excess food at a slightly higher price than the last market price. Since the last price was 4, I'll ask for 5 this time."
3,Cy,worker,WORK,BUY 2@3,0,24,2,True,"[WORK BUY 2 AT 3] I need to work to earn more cash, as I only have 3 food and the price is relatively low. I'll post a buy order at the last market price to try and get more food."
3,Dot,worker,WORK,NONE,0,24,2,True,"[WORK NONE] I have 3 food, so I don't need to buy. The market price is 4, and since my last bid was 4, I'll keep the same bid to maintain a competitive price."
3,Eli,worker,WORK,NONE,0,24,2,True,"[WORK NONE] Eli has 3 food, which means he doesn't need to buy food this turn as he can eat without running out. He has enough cash to work and earn more without incurring a deficit."
4,Ada,farmer,FARM,SELL 4@4,0,28,6,True,"[FARM SELL 4 AT 4] Last market price was 4, so I should ask 5 for my food. Since my sell order from last turn did not fill, I will ask 4 for my food this turn."
4,Bram,farmer,FARM,SELL 4@5,0,28,6,True,"[FARM SELL 4 AT 5] Given the current situation, I should continue to farm and sell excess food. The market price is currently at 4, and I need to ask for a bit more since my last order didn't fill."
4,Cy,worker,WORK,BUY 2@3,0,28,1,True,"[WORK BUY 2 AT 3] I need to work to earn more cash since I have very little food. Posting a buy order at the last market price might help, but I'll only post if necessary."
4,Dot,worker,WORK,BUY 2@3,0,28,1,True,"[WORK BUY 2 AT 3] Given that I have only 2 food and I need to ensure I have enough to avoid going without eating, I should post a buy order for 2 food at the last market price, which was 3."
4,Eli,worker,WORK,BUY 2@3,0,28,1,True,"[WORK BUY 2 AT 3] I need to work to earn more cash before the market price of food likely increases. Since I have only 2 food, I should place a buy order at the last market price to secure some food."
5,Ada,farmer,FARM,SELL 4@4,4,43,4,True,"[FARM SELL 4 AT 4] Given that I have 6 food and the last market price was 4, I should post a sell order for the excess food at 5, as it is 1 more than the last market price. My sell order from the last turn did not fill"
5,Bram,farmer,FARM,SELL 4@4,2,35,6,True,"[FARM SELL 4 AT 4] Given the current market conditions and my strategy, I should continue to farm and sell my surplus food. The market price hasn't changed, so I'll ask for 4 coins per food unit as per my strategy."
5,Cy,worker,WORK,BUY 2@4,2,24,2,True,"[WORK BUY 2 AT 4] I need to work to earn more cash since I only have 1 food and no cash to spare for buying. The market price is 3, and since my previous bid did not fill, I should increase it to 4."
5,Dot,worker,WORK,BUY 2@4,2,24,2,True,"[WORK BUY 2 AT 4] I have 1 food and 27 cash. Since the last market price was 3, I should bid 4 for my BUY order this turn to increase my chances of success."
5,Eli,worker,WORK,BUY 2@4,2,24,2,True,"[WORK BUY 2 AT 4] I need to work to earn more cash, as I currently have only 1 food and no cash to spare for buying. My bid will be 4, as the last market price was 3 and my previous bid did not fill."
6,Ada,farmer,FARM,SELL 2@5,0,42,6,True,"[FARM SELL 2 AT 5] Given the current market conditions and my strategy, I should continue to farm and sell my excess food. The last market price was 4, so I will ask 5 for my sell order this turn to ensure I get a fair "
6,Bram,farmer,FARM,SELL 3@3,3,43,5,True,"[FARM SELL 3 AT 3] I will farm to increase my food supply, ensuring I have enough to sell and keep one for myself. My sell order did not fill last turn, so I'll ask 3 for my food this time to see if I can find a buyer."
6,Cy,worker,WORK,BUY 2@4,0,28,1,True,"[WORK BUY 2 AT 4] I need to work to earn cash since I have no food and no orders that filled last turn. I will post a buy order at the last market price, which was 4."
6,Dot,worker,WORK,BUY 2@5,2,22,3,True,"[WORK BUY 2 AT 5] I have 2 food and 23 cash. The last market price was 4, and my order from last turn did not fill, so I will bid 5 this turn."
6,Eli,worker,WORK,BUY 2@4,1,25,2,True,"[WORK BUY 2 AT 4] I need to work to earn more cash since I currently have only 2 food and no way to grow it. Posting a buy order at the last market price seems reasonable, as the price hasn't changed and it's within my"
7,Ada,farmer,FARM,SELL 4@2,4,57,4,True,"[FARM SELL 4 AT 2] Last turn, I sold 2 food at 4, but it didn't fill. The market price is currently at 3, so I'll ask 2 more than that this turn."
7,Bram,farmer,FARM,SELL 3@4,2,50,5,True,"[FARM SELL 3 AT 4] Given the current prices and my strategy, I should continue to farm and post a sell order for my excess food. The market price is currently 3, so I will ask for 4 per food this turn."
7,Cy,worker,WORK,BUY 2@4,2,24,2,True,"[WORK BUY 2 AT 4] I need to work to earn more cash since I only have 1 food and no cash to spare for buying more food now. Posting a buy order at a higher price might not fill, but it's necessary to try and secure some"
7,Dot,worker,WORK,BUY 2@4,2,18,4,True,"[WORK BUY 2 AT 4] With only 3 food and 21 cash, I need to buy some food to avoid going hungry. The last market price was 3, so I'll bid 4 to get a better chance of filling my order."
7,Eli,worker,WORK,BUY 2@4,2,21,3,True,"[WORK BUY 2 AT 4] Given the current food prices and my limited food supply, I should post a buy order to secure food for the next turn. The last market price was 3, so I'll bid 4 to ensure I get the food I need."
8,Ada,farmer,FARM,SELL 2@5,1,61,5,True,"[FARM SELL 2 AT 5] Given the current market price of 4 and the strategy to sell food above 2 at 1 more than the last market price, I will sell 2 food at 5 each. This aligns with the strategy and helps manage my food whi"
8,Bram,farmer,FARM,SELL 3@4,3,64,4,True,"[FARM SELL 3 AT 4] Given the current market conditions and my strategy, I should continue to farm and sell excess food. The market last cleared at 4 for food, so I'll ask 5 this turn. My sell order did not fill last tur"
8,Cy,worker,WORK,BUY 2@5,2,18,3,True,"[WORK BUY 2 AT 5] I have 2 food, which is below my threshold of 3, so I need to buy 2 food. The last market price was 4, so I will bid 5 this time."
8,Dot,worker,WORK,BUY 2@3,0,22,3,True,[WORK BUY 2 AT 3] I need to work to earn more cash since I don't have enough to buy food at the current price and I want to maximize my earnings. I'll post a buy order for 2 food at the last market price of 3.
8,Eli,worker,WORK,BUY 2@5,2,15,4,True,"[WORK BUY 2 AT 5] Given that I have 3 food, which is enough to prevent immediate starvation, and considering the market conditions, I should work to earn more cash. The last market price was 4, so I will post a buy ord"
9,Ada,farmer,FARM,SELL 3@5,0,60,6,True,"[FARM SELL 3 AT 5] Last turn's market price was 5, so I should ask 6 for my food. Since my sell order from last turn did not fill, I will ask 5 this turn. I will keep 2 food for myself and sell the rest."
9,Bram,farmer,FARM,SELL 2@6,0,63,6,True,"[FARM SELL 2 AT 6] Last market price was 5, so I will ask 6 for my sell order. Since my sell order did not fill last turn, I will keep the price at 6. I need to ensure I have enough food for the next turn and continue m"
9,Cy,worker,WORK,BUY 2@3,0,22,2,True,[WORK BUY 2 AT 3] I need to work to earn more cash since I only have 3 food and my cash is relatively low compared to the farmers. I'll post a buy order at the last market price of 3 to try and get more food.
9,Dot,worker,WORK,BUY 2@4,0,26,2,True,"[WORK BUY 2 AT 4] Given that I have only 3 food and no more than 3 turns without eating, I should post a buy order at the last market price to secure food. The last price was 3, so I will bid 4 to ensure a better chanc"
9,Eli,worker,WORK,NONE,0,19,3,True,"[WORK BUY NONE AT 4] Since I have 4 food, I don't need to post a buy order. The market price has been trending down, and I should continue to buy at the last price unless my order from last turn didn't fill."
10,Ada,farmer,FARM,SELL 4@4,4,75,4,True,"[FARM SELL 4 AT 4] Given the current market price of 5 and my last sell order not filling, I will lower my price to 4. This aligns with my strategy of asking 1 more than the last market price, but reducing by 1 since my"
10,Bram,farmer,FARM,SELL 2@5,0,62,6,True,"[FARM SELL 2 AT 5] Given the current market conditions and my strategy, I should continue to farm and sell my excess food. The market price is currently 4, so I will sell 2 food at 5, which is 1 more than the last marke"
10,Cy,worker,WORK,BUY 2@3,0,26,1,True,"[WORK BUY 2 AT 3] I need to work to earn more cash since I only have 2 food and 21 cash. Posting a buy order at the last market price of 3 might help, but given the high price, it's risky without more food."
10,Dot,worker,WORK,BUY 2@5,2,22,3,True,"[WORK BUY 2 AT 5] I have 2 food and 25 cash. Since the last market price was 4 and my buy order did not fill, I will bid 5 this turn to increase my chances of getting food."
10,Eli,worker,WORK,BUY 2@4,2,15,4,True,"[WORK BUY 2 AT 4] I have less than 3 food, so I need to buy some. The last market price was 3, so I'll bid 4 for 2 food."
11,Ada,farmer,FARM,SELL 2@4,2,82,4,True,"[FARM SELL 2 AT 4] Ada will continue to farm and sell food as per the strategy. With 4 food and 74 cash, she'll keep 2 for herself and post a sell order for the remaining 2 at the current market price of 4."
11,Bram,farmer,FARM,SELL 4@5,0,61,6,True,"[FARM SELL 4 AT 5] Given the current market conditions and my strategy, I should continue farming to ensure I have enough food to sell. The last market price was 4, so I'll ask for 5 this turn. Since my sell order from "
11,Cy,worker,WORK,BUY 2@3,0,30,0,True,"[WORK BUY 2 AT 3] I need to work to earn more cash since I only have 1 food and no cash to spare. Posting a buy order at the last market price might get me some food, but I should avoid overpaying."
11,Dot,worker,WORK,NONE,0,26,2,True,"[WORK NONE] I have 3 food, so I don't need to buy more. The market price has been 4, and my last bid was 4, so I will bid 5 this turn to try and get a better price."
11,Eli,worker,WORK,BUY 2@5,2,11,5,True,"[WORK BUY 2 AT 5] I need to work to earn more cash since I don't have enough food for the next turn and I need the money to buy food. My last bid was 4, and since the last trade price was 4, I'll bid slightly higher th"
12,Ada,farmer,FARM,SELL 2@4,2,89,4,True,"[FARM SELL 2 AT 4] Last market price was 4, so I will ask 5 for my sell order this turn. Since my sell order from last turn did not fill, I will ask 4 this time."
12,Bram,farmer,FARM,SELL 4@5,0,60,6,True,"[FARM SELL 4 AT 5] Last market price was 4, so I'll ask 5 for my sell order. Since my sell order from last turn didn't fill, I'll keep the ask price the same."
12,Cy,worker,WORK,BUY 2@5,2,26,1,True,"[WORK BUY 2 AT 5] I have no food and need to buy some. The last market price was 4, so I'll bid 5 this time to try to get food."
12,Dot,worker,WORK,BUY 2@4,0,30,1,True,[WORK BUY 2 AT 4] I need to work to earn more cash since I only have 2 food and 25 cash. Posting a buy order at the last market price of 4 would be reasonable to try and acquire some food.
12,Eli,worker,WORK,BUY 2@4,0,15,4,True,[WORK BUY 2 AT 4] I need to work to earn more cash and buy food since I have only 5 food and the next turn I will need to eat. I will bid the last market price of 4 since my order from last turn did not fill.
13,Ada,farmer,FARM,SELL 2@5,0,88,6,True,"[FARM SELL 2 AT 5] Given the current market price and my strategy, I should continue to farm and post a sell order for the excess food. The last price was 4, so I should ask for 5 this turn."
13,Bram,farmer,FARM,SELL 4@4,4,75,4,True,"[FARM SELL 4 AT 4] Given the current market conditions and my strategy, I should continue to farm and sell my excess food. The market price is currently at 4, so I will ask for 5 per food this turn to ensure a good pric"
13,Cy,worker,WORK,BUY 2@4,0,30,0,True,[WORK BUY 2 AT 4] I need to work to earn more cash since I only have 1 food and am at risk of not having enough to survive the next turn. Posting a buy order at the last market price of 4 seems reasonable given the cur
13,Dot,worker,WORK,BUY 2@5,2,26,2,True,"[WORK BUY 2 AT 5] I need to work to earn more cash since I only have 1 food and 29 cash. Posting a buy order at the last market price of 4 might help, but given the risk of not filling, I'll bid 5 this time to be safer"
13,Eli,worker,WORK,BUY 2@5,2,11,5,True,"[WORK BUY 2 AT 5] Given that I have 4 food and no immediate risk of running out, my strategy is to work and try to earn more cash. The market last filled at 4, and since my bid didn't fill last turn, I'll bid 5 this ti"
14,Ada,farmer,FARM,SELL 4@5,0,87,6,True,"[FARM SELL 4 AT 5] Given the current market conditions and my strategy, I'll continue to farm and sell my surplus food. The last market price was 4, so I'll ask 5 for my food this turn. My sell order from last turn did "
14,Bram,farmer,FARM,SELL 2@3,2,82,4,True,"[FARM SELL 2 AT 3] Last turn's market price was 4, and my sell order from last turn did not fill, so I should ask 3 for this turn."
14,Cy,worker,WORK,BUY 2@4,0,34,0,True,"[WORK BUY 2 AT 4] I need to work to earn cash since I have no food. I will post a buy order for food at the last market price of 4, as it did not fill last turn."
14,Dot,worker,WORK,BUY 2@5,2,22,3,True,"[WORK BUY 2 AT 5] I have 2 food, which is below my threshold of 3, so I should post a buy order. The last market price was 4, so I'll bid 5 this turn to ensure a better chance of filling my order."
14,Eli,worker,WORK,BUY 2@4,0,15,4,True,"[WORK BUY 2 AT 4] I have 5 food, which is enough for now, but I should consider buying more in case the price goes up. I'll post a buy order at the last market price of 4."
15,Ada,farmer,FARM,SELL 4@4,4,102,4,True,"[FARM SELL 4 AT 4] Given the current market price is 4, I should ask for 5 per food to sell, as per my strategy. Since my sell order from last turn did not fill, I will ask for 4 this time instead of 5. I will keep 2 fo"
15,Bram,farmer,FARM,SELL 2@4,2,89,4,True,"[FARM SELL 2 AT 4] Given the current market conditions and my strategy, I should continue farming to ensure I have enough food. The market price is currently steady at 4, and I have 4 food, so I'll keep 2 for myself and"
15,Cy,worker,WORK,BUY 2@4,2,30,1,True,"[WORK BUY 2 AT 4] Given the scarcity of food and the low cash, it's crucial to try and secure some food this turn. Posting a buy order at a slightly higher price might be necessary to secure food."
15,Dot,worker,WORK,BUY 2@5,2,18,4,True,"[WORK BUY 2 AT 5] I currently have 3 food, which is enough to last until the next turn. The market price is 4, and since my last bid was at 4, I won't bid higher. I'll continue working to earn more cash."
15,Eli,worker,WORK,BUY 2@4,2,11,5,True,"[WORK BUY 2 AT 4] Given the current market conditions and my need for food, I should work to earn more cash. With only 4 food and the risk of it spoiling, I must also post a buy order to secure food for the next turn."
16,Ada,farmer,FARM,SELL 2@3,2,107,4,True,"[FARM SELL 2 AT 3] I will farm to grow more food and ensure I have enough to sell. My sell order from last turn did not fill, so I will reduce my asking price by 1 to make it more attractive."
16,Bram,farmer,FARM,SELL 2@5,0,88,6,True,"[FARM SELL 2 AT 5] I will farm to increase my food supply, ensuring I have enough for the next turn. I will also post a sell order for my excess food at a slightly higher price than the last market price, as there was a"
16,Cy,worker,WORK,BUY 2@4,2,28,2,True,[WORK BUY 2 AT 4] I need to work to earn more cash since I only have 1 food and my cash is relatively low. Posting a buy order at the last market price of 4 would be wise to acquire more food.
16,Dot,worker,WORK,NONE,0,22,3,True,"[WORK BUY NONE AT 4] Given that I have 4 food, I don't need to post a buy order. The market price has been stable at 4, so I'll continue to work and bid 4 to maintain my presence."
16,Eli,worker,WORK,NONE,0,15,4,True,"[WORK NONE] I have 5 cash and 5 food, which is sufficient for now. I should continue working to earn more cash since the market price is stable at 4 and I have enough food to avoid posting a buy order."
17,Ada,farmer,FARM,SELL 2@4,0,106,6,True,"[FARM SELL 2 AT 4] Last market price was 3, so I'll ask 4 for my food. My sell order from last turn filled, so I'll ask the same price again."
17,Bram,farmer,FARM,SELL 4@4,4,103,4,True,"[FARM SELL 4 AT 4] Given the current market conditions and my strategy, I should continue to farm and sell my excess food. The last market price was 3, so I will ask for 4 again this turn."
17,Cy,worker,WORK,BUY 2@4,2,24,3,True,"[WORK BUY 2 AT 4] I need to work to earn cash since I don't have enough food to last the turn and I'm currently below the threshold of 3 food to work without buying. The market price is currently 3, so I'll bid 4 this "
17,Dot,worker,WORK,BUY 2@4,2,18,4,True,"[WORK BUY 2 AT 4] I need to work to earn more cash since I only have 3 food and the price of food is still low, so I should buy some if possible. My bid will be 4, the last market price, to match current prices."
17,Eli,worker,WORK,BUY 2@3,0,19,3,True,"[WORK BUY 2 AT 3] I need to work to earn more cash, as I currently have less than 3 food and the market price is reasonable. I'll post a buy order at the last market price to try to stock up on food."
18,Ada,farmer,FARM,SELL 4@3,4,117,4,True,"[FARM SELL 4 AT 3] Last market price was 4, and my sell order for 2 food at 4 did not fill, so I will decrease my asking price by 1."
18,Bram,farmer,FARM,SELL 2@4,0,102,6,True,[FARM SELL 2 AT 4] I will continue to farm and sell my excess food as per the strategy. Selling helps manage cash flow and ensures I always have food to eat. I'll post a sell order for the food I won't consume.
18,Cy,worker,WORK,BUY 2@4,2,22,4,True,"[WORK BUY 2 AT 4] I need to work to earn cash since I have only 3 food and will soon need to buy more to avoid running out. Given the last market price and my strategy, I will post a buy order at the last price of 4."
18,Dot,worker,WORK,BUY 2@4,2,16,5,True,"[WORK BUY 2 AT 4] I have 4 food, which is enough for now. The market price is stable at 4, so I'll continue to work and maintain my bid to avoid missing the current low price."
18,Eli,worker,WORK,NONE,0,23,2,True,"[WORK NONE] Eli currently has 3 food, which is just enough to avoid starvation for this turn. Since the market price is at 4 and Eli has more than 3 food, it's not necessary to post a buy order as he won't be abl"
19,Ada,farmer,FARM,SELL 2@4,1,120,5,True,"[FARM SELL 2 AT 4] Given the current market price of 3 and the strategy to sell above the last market price, I will sell 2 food at 4 each. This aligns with my plan to keep 2 food for myself and sell the rest above the l"
19,Bram,farmer,FARM,SELL 3@3,3,113,5,True,"[FARM SELL 3 AT 3] Given the current market conditions and my strategy, I should continue farming and selling my excess food. The last market price was 4, so I'll ask for 5 this time. Since my sell order from last turn "
19,Cy,worker,WORK,BUY 2@4,2,18,5,True,"[WORK BUY 2 AT 4] Given that I have only 4 food and it's not enough to sustain me, I need to buy more food to avoid going without it. The last market price was 3, so I will bid 4 for this turn to ensure I get the food "
19,Dot,worker,WORK,BUY 2@3,0,20,4,True,[WORK BUY 2 AT 3] I need to work to earn more cash since I have only 5 food and no cash to spare for buying food immediately. I will bid the last market price of 3 for food.
19,Eli,worker,WORK,BUY 2@4,2,19,3,True,"[WORK BUY 2 AT 4] Given that I have only 2 food and the game is nearing the middle, I should buy some food to avoid running out. The last market price was 3, so I'll bid 4 to get a better price than last time."
20,Ada,farmer,FARM,SELL 3@5,2,129,5,True,"[FARM SELL 3 AT 5] Given the current situation, I should continue to farm to ensure I have enough food for the next turn. Selling my excess food at a reasonable price is also important to maintain my cash flow. The mark"
20,Bram,farmer,FARM,SELL 3@5,0,112,6,True,"[FARM SELL 3 AT 5] Last market price was 4, so I'll ask 5 for my sell order. Since my sell order didn't fill last turn, I'll keep the price at 5 for this turn."
20,Cy,worker,WORK,BUY 2@4,0,22,4,True,"[WORK BUY 2 AT 4] I currently have 5 food, which is enough to last until the next turn without needing to buy more. The market price is at 3, and since my last order did not fill, I should increase my bid by 1 to 4."
20,Dot,worker,WORK,BUY 2@4,0,24,3,True,"[WORK BUY 2 AT 4] I have 4 food and 19 cash. The market price is 3, and since my last bid was at 3 and it did not fill, I should increase my bid by 1 to 4."
20,Eli,worker,WORK,BUY 2@5,2,13,4,True,"[WORK BUY 2 AT 5] Eli has 3 food and is on turn 20, so he needs to buy food soon to avoid going without. The market price is 4, which is the last bid, so he should bid slightly higher to increase his chances of filling"
21,Ada,farmer,FARM,SELL 3@6,0,128,6,True,"[FARM SELL 3 AT 6] Given the current market conditions and my strategy, I should continue to farm and post a sell order for the excess food. The last market price was 5, so I will ask for 6 food at 6 each. This aligns w"
21,Bram,farmer,FARM,SELL 3@4,3,123,5,True,"[FARM SELL 3 AT 4] The market price is currently at 5, and I have 6 food, so I need to sell 3 to stay on strategy. I'll ask 4 for my food this turn since my last sell order did not fill."
21,Cy,worker,WORK,BUY 2@5,2,18,5,True,"[WORK BUY 2 AT 5] Given the high market prices and my current low food stock, it's crucial to secure food this turn. The last price was 4, and since my buy order from last turn did not fill, I should increase my bid to"
21,Dot,worker,WORK,BUY 2@4,1,24,3,True,"[WORK BUY 2 AT 4] Given the current market price and my food stock, I should work to earn more cash. With only 3 food and the price at 3, I need to secure more food soon to avoid going hungry."
21,Eli,worker,WORK,BUY 2@4,0,17,3,True,"[WORK BUY 2 AT 4] I currently have 4 food, which is sufficient for now. However, the market prices suggest that food might become more expensive soon. I should post a buy order at the last market price to secure some f"
22,Ada,farmer,FARM,SELL 4@4,4,143,4,True,"[FARM SELL 4 AT 4] Last market price was 4, so I should ask 5 for my food. My sell order from last turn did not fill, so I will ask 4 for my food this turn to try and sell more."
22,Bram,farmer,FARM,SELL 3@4,2,130,5,True,"[FARM SELL 3 AT 4] Given the current market conditions and the strategy, let's think through this: - The last market price was 4, and since my sell order did not fill last turn, I should ask 3 for my food this turn. How"
22,Cy,worker,WORK,BUY 2@5,2,14,6,True,"[WORK BUY 2 AT 5] Given the current market conditions and my cash situation, I should work to earn more cash. With only 5 food, I need to buy more to ensure I don't go hungry and have enough resources to work later tur"
22,Dot,worker,WORK,BUY 2@5,2,20,4,True,"[WORK BUY 2 AT 5] Given my current cash and food, I should work to increase my cash. Since the last market price was 4 and I didn't buy anything last turn, I'll bid 5 this time to see if I can get a better deal."
22,Eli,worker,WORK,BUY 2@4,2,13,4,True,"[WORK BUY 2 AT 4] I need to work to earn more cash and ensure I have enough to buy food later. The market price is trending down, so I should buy at a slightly higher price than last time to ensure I get the food."
23,Ada,farmer,FARM,SELL 2@5,2,152,4,True,"[FARM SELL 2 AT 5] Thinking through the situation: With 4 food, I should keep 2 for myself and post a sell order for the remaining 2 at a price above the last market price. The last market price was 4, so I'll ask 5 thi"
23,Bram,farmer,FARM,SELL 3@5,0,129,6,True,"[FARM SELL 3 AT 5] Given the current market conditions and the prices, I should continue to farm and sell my surplus food. With 5 food and only 2 for myself, I need to sell 3 food at a slightly higher price than the las"
23,Cy,worker,WORK,NONE,0,18,5,True,"[WORK NONE] Cy currently has 6 food, which is just enough to avoid immediate starvation, but he needs to start building a reserve. Since the market price is currently 4, and he has 6 food, it's not necessary to p"
23,Dot,worker,WORK,BUY 2@3,0,24,3,True,"[WORK BUY 2 AT 3] Given the current market conditions and my food reserves, I should work to earn more cash since I don't have enough food to buy. With the market price at 3, I'll bid the same price as last time to ens"
23,Eli,worker,WORK,BUY 2@5,2,7,5,True,"[WORK BUY 2 AT 5] I have 4 food, which is enough to last until the next turn without needing to buy. However, I should post a buy order just in case the price drops and it becomes cheaper to get food. The last market p"
24,Ada,farmer,FARM,SELL 2@6,0,151,6,True,"[FARM SELL 2 AT 6] Given that I have 4 food and 151 cash, I'll keep 2 for myself and post a sell order for the remaining 2. The last market price was 5, so I'll ask 6 this turn."
24,Bram,farmer,FARM,SELL 4@3,3,137,5,True,"[FARM SELL 4 AT 3] Given the current situation, I need to ensure I have enough food for the next turn and sell the excess to maintain cash flow. The market price is currently at 4, and since my last sell order did not f"
24,Cy,worker,WORK,BUY 2@4,2,16,6,True,"[WORK BUY 2 AT 4] Given that I have 5 food and more than 3, I don't need to buy any food this turn. However, considering the market prices and the fact that food prices have been stable at 4 or 5, I should post a buy o"
24,Dot,worker,WORK,NONE,0,28,2,True,"[WORK NONE] With only 3 food and no additional food expected from the market, I should work to earn cash. If I don't have enough to buy food, I will post a buy order at the next market price."
24,Eli,worker,WORK,BUY 2@6,1,8,5,True,"[WORK BUY 2 AT 6] Given my current cash and food, I need to buy food to avoid going without it. The last market price was 5, and since my buy order from last turn did not fill, I will bid 6 this time."
25,Ada,farmer,FARM,SELL 4@4,1,154,6,True,"[FARM SELL 4 AT 4] Given the current market conditions and my strategy, I should continue to farm and sell my excess food. The market price is currently at 3, so I will ask 4 for my sell order."
25,Bram,farmer,FARM,SELL 3@4,3,148,4,True,"[FARM SELL 3 AT 4] Given the current market conditions and my strategy, I need to ensure I can keep some food for myself and post a sell order at a competitive price. The last market price was 3, so I'll ask 4 this turn"
25,Cy,worker,WORK,NONE,0,20,5,True,"[WORK NONE] Given that the last turn's market price was 3 and my buy order from last turn did not fill, I should bid 4 this time to increase my chances of getting food. Since I currently have 6 food, I don't need"
25,Dot,worker,WORK,BUY 2@4,2,24,3,True,"[WORK BUY 2 AT 4] I have 2 food and 27 cash. The market price is currently at 3, and since my last bid was 3, I need to increase it by 1 to 4 to ensure I get some food."
25,Eli,worker,WORK,BUY 2@4,2,4,6,True,"[WORK BUY 2 AT 4] I need to work to earn more cash since I'm running low. Given the price from last turn, I should bid a bit higher to ensure a better chance of getting food."
26,Ada,farmer,FARM,SELL 4@5,0,153,6,True,"[FARM SELL 4 AT 5] I will continue to farm and sell excess food to maintain my cash flow. With the current market price at 4, I will sell my surplus food at 5 to ensure a good price."
26,Bram,farmer,FARM,SELL 2@5,2,157,4,True,"[FARM SELL 2 AT 5] Given the current market conditions and my strategy, I should continue to farm and ensure I have enough food for my needs while posting a sell order for the excess. The market price is currently at 4,"
26,Cy,worker,WORK,NONE,0,24,4,True,"[WORK NONE] I have 5 food, which is enough for now, but my cash is low at 19. Posting a buy order might not be profitable given the current prices and available food, but I should still do it to keep my options o"
26,Dot,worker,WORK,BUY 2@5,2,18,4,True,"[WORK BUY 2 AT 5] I currently have 3 food, which is enough to last one more turn before eating, but I should prepare to buy more food soon. The market price is currently 4, and since my last order did not fill, I shoul"
26,Eli,worker,WORK,NONE,0,8,5,True,"[WORK NONE] I have 6 food, which is good, but my cash is low at only 3. I should work to earn more cash before posting an order, as buying food is expensive and I might not have enough."
27,Ada,farmer,FARM,SELL 4@5,0,152,6,True,"[FARM SELL 4 AT 5] Considering the current market price is 5, I should ask for 6 this turn. Since my sell order did not fill last turn, I'll ask 1 less, or 5."
27,Bram,farmer,FARM,SELL 2@6,0,156,6,True,"[FARM SELL 2 AT 6] Given the current market conditions and my strategy, I need to sell my excess food to ensure I have cash to cover future turns. The last market price was 5, so I'll ask for 6 per food this turn. Selli"
27,Cy,worker,WORK,BUY 2@4,0,28,3,True,"[WORK BUY 2 AT 4] I need to work to earn more cash before I run out of food. The last market price was 3, and since my buy order did not fill last turn, I should bid 4 this time to increase my chances of getting food."
27,Dot,worker,WORK,BUY 2@4,0,22,3,True,"[WORK BUY 2 AT 4] Given that I have 4 food and no turns without eating, I should work to earn more cash. The market price has been 3 in the last turn, so I'll bid 4 for the buy order."
27,Eli,worker,WORK,BUY 2@4,0,12,4,True,"[WORK BUY 2 AT 4] I need to work to earn more cash and buy food. The market price is low, but I should bid slightly higher to get food."
28,Ada,farmer,FARM,SELL 4@3,4,167,4,True,"[FARM SELL 4 AT 3] Given the current market conditions and my strategy, I should continue to farm and sell my excess food. The market price is currently 4, and since my sell order from last turn did not fill, I should l"
28,Bram,farmer,FARM,SELL 4@4,2,163,6,True,"[FARM SELL 4 AT 4] Given the current market conditions and my strategy, I will farm to increase my food supply and post a sell order at the appropriate price."
28,Cy,worker,WORK,BUY 2@4,2,24,4,True,[WORK BUY 2 AT 4] I need to work to earn more cash before my food spoils. Posting a buy order at the last market price of 4 might help secure some food.
28,Dot,worker,WORK,BUY 2@5,2,18,4,True,"[WORK BUY 2 AT 5] Given that I have only 3 food and 21 cash, I need to buy 2 more food to avoid going without eating. The last market price was 4, so I will bid 5 this turn to ensure I get the food."
28,Eli,worker,WORK,BUY 2@4,2,8,5,True,"[WORK BUY 2 AT 4] I need to work to earn more cash, as I currently have only 4 food and no extra cash to buy more food now. My last buy order didn't fill, so I'll increase my bid by 1 to 4."
29,Ada,farmer,FARM,SELL 2@5,0,166,6,True,"[FARM SELL 2 AT 5] Last market price was 4, so I will ask 5 for my sell order this turn. My sell order from last turn did not fill, so I will ask 4 for this order."
29,Bram,farmer,FARM,SELL 4@3,4,174,4,True,"[FARM SELL 4 AT 3] Given the current market conditions and my strategy, I should continue to farm and sell surplus food to maintain cash flow. The market price is currently at 4, and since my last sell order didn't fill"
29,Cy,worker,WORK,BUY 2@5,2,22,5,True,"[WORK BUY 2 AT 5] Given that I have 4 food and will eat 1 this turn, I still have 3 food after eating. However, I should post a buy order to ensure I can secure food for the next turn. The last market price was 4, and "
29,Dot,worker,WORK,BUY 2@4,0,22,3,True,"[WORK BUY 2 AT 4] Given that I have 4 food and I can't grow it, I need to ensure I buy some to avoid running out. The last market price was 4, so I'll bid that again."
29,Eli,worker,WORK,BUY 2@4,2,6,6,True,"[WORK BUY 2 AT 4] I need to work to earn more cash since I currently have only 7 cash and 5 food. Given the last market price of 4, I should post a buy order to ensure I can acquire food."
30,Ada,farmer,FARM,SELL 4@3,4,177,4,True,"[FARM SELL 4 AT 3] Last market price was 3, so I will ask 4 for my surplus food this turn. My sell order from last turn did not fill, so I will ask 3 for my surplus food this time to make it more attractive."
30,Bram,farmer,FARM,SELL 2@4,0,173,6,True,"[FARM SELL 2 AT 4] Given the current market conditions and my strategy, I should continue farming and selling my excess food. The last market price was 3, so I should ask 4 for my food this turn to ensure a good price."
30,Cy,worker,WORK,BUY 2@4,2,20,6,True,"[WORK BUY 2 AT 4] Given that I have 5 food and it's not going to rot, I don't need to buy any food. However, since I have less than 3 food saved for potential future needs, it's wise to post a buy order."
30,Dot,worker,WORK,BUY 2@4,2,20,4,True,"[WORK BUY 2 AT 4] Given the current price of 3 and my need for food, I should post a buy order to secure food at this price. My previous order didn't fill, so I will bid 4 this time to improve my chances."
30,Eli,worker,WORK,BUY 2@3,0,10,5,True,[WORK BUY 2 AT 3] I need to work to earn more cash since I have no food left. Posting a buy order at the last market price of 3 seems reasonable given the current prices.
31,Ada,farmer,FARM,SELL 2@4,0,176,6,True,"[FARM SELL 2 AT 4] Given the current market conditions and my strategy, I should continue to farm and sell my excess food. The market price is currently at 3, and I have 4 food, which means I should sell 2 food at 4 eac"
31,Bram,farmer,FARM,SELL 4@5,0,172,6,True,"[FARM SELL 4 AT 5] Given the current market conditions and my strategy, I should continue farming and selling my excess food. The last market price was 4, so I'll ask 5 for my sell order this turn. Since my sell order f"
31,Cy,worker,WORK,SELL 6@3,4,36,1,True,"[WORK SELL 6 AT 3] Given that I have 6 food, I don't need to buy any. However, considering the market dynamics, I might want to post a sell order to clear out my food and potentially gain some cash before the game ends."
31,Dot,worker,WORK,BUY 2@4,2,18,5,True,"[WORK BUY 2 AT 4] Given that I have only 4 food and the game is nearing its end, it's crucial to secure more food before it's too late. The last market price was 3, and since my buy order from the last turn did not fil"
31,Eli,worker,WORK,BUY 2@4,2,8,6,True,"[WORK BUY 2 AT 4] Since I have only 5 food and the market price was 3, I need to buy some food to ensure I don't go without eating. The last bid was 3, so I will bid 4 this time."
32,Ada,farmer,FARM,SELL 4@2,2,179,6,True,"[FARM SELL 4 AT 2] Given the current market price of 3 and the fact that my sell order from last turn did not fill, I will lower my asking price to 2. Selling more food is crucial to maintain my cash flow, especially wi"
32,Bram,farmer,FARM,SELL 4@4,0,171,6,True,"[FARM SELL 4 AT 4] Given the current market conditions and the strategy, it's crucial to continue farming to ensure we have enough food to sell. The market price is currently at 3, so we should ask for 4 per food to max"
32,Cy,worker,WORK,BUY 2@3,2,36,2,True,"[WORK BUY 2 AT 3] Given the current situation, I need to work to earn more cash since I only have 1 food and 35 cash. Posting a buy order at the last market price of 3 would be prudent to secure some food before it's t"
32,Dot,worker,WORK,NONE,0,22,4,True,"[WORK NONE] Given that I have 5 food, I won't post a buy order since I don't need more food for this turn. My strategy suggests I should continue working to earn more cash."
32,Eli,worker,WORK,NONE,0,12,5,True,"[WORK NONE] Eli has 6 food, which is sufficient for now, but he should prepare for the next turn. Since the market price is stable at 3, and he has 7 cash, he can afford to buy 2 food if needed, but he should kee"
33,Ada,farmer,FARM,SELL 4@3,4,190,4,True,"[FARM SELL 4 AT 3] Given the current market conditions and prices, it's crucial to sell as much food as possible to maintain cash flow, as the market price is currently at 2, which is lower than my asking price of 4. Se"
33,Bram,farmer,FARM,SELL 4@3,0,170,6,True,"[FARM SELL 4 AT 3] Given the current market conditions and my strategy, I will continue to farm and sell my excess food. The market price is currently at 3, so I will ask for 4 per food this turn. My sell order from las"
33,Cy,worker,WORK,BUY 2@3,2,34,3,True,"[WORK BUY 2 AT 3] Given that I have only 2 food, I need to buy 2 more to ensure I don't starve this turn. The last market price was 3, so I'll bid 3 again."
33,Dot,worker,WORK,BUY 2@3,2,20,5,True,"[WORK BUY 2 AT 3] Given the current market conditions and my cash and food levels, it's crucial to work to increase my cash. With only 4 food, I need to post a buy order to ensure I can eat next turn. The last market p"
33,Eli,worker,WORK,NONE,0,16,4,True,"[WORK NONE] Eli has 5 food, which means he doesn't need to buy any food this turn. He has enough cash to survive and can continue working to increase his cash. However, he should be cautious as the game is nearin"
34,Ada,farmer,FARM,SELL 2@4,0,189,6,True,"[FARM SELL 2 AT 4] Thoughts: I have enough cash and food to farm and sell this turn. Selling at a slightly higher price might help me get a better deal, but given the last price was 3, I'll keep it at 4 to ensure I get "
34,Bram,farmer,FARM,SELL 4@2,4,177,4,True,"[FARM SELL 4 AT 2] The market price is currently 3, and I have 6 food. I need to sell 4 to stay on strategy, and the last sell order did not fill, so I should ask 2 less than 3, which is 2."
34,Cy,worker,WORK,BUY 2@3,2,34,4,True,"[WORK BUY 2 AT 3] Given that I have only 3 food and the game is nearing its end, it's crucial to secure more food to avoid running out. I should post a buy order to ensure I can acquire food before it's too late."
34,Dot,worker,WORK,NONE,0,24,4,True,"[WORK NONE] I have 5 food, which is enough to eat this turn. The market price has been steady at 3, and I can afford to buy 2 food at this price. Posting an order won't likely help, so I'll work to earn more cash"
34,Eli,worker,WORK,BUY 2@4,2,16,5,True,"[WORK BUY 2 AT 4] Given that I have only 4 food and the game will end in 6 turns, it's crucial to secure food to avoid running out. The last market price was 3, so I'll bid 4 to potentially get a better deal, as my pre"
35,Ada,farmer,FARM,SELL 2@3,2,194,6,True,"[FARM SELL 2 AT 3] Last market price was 3, so I'll ask 4 for my food. My sell order from last turn did not fill, so I'll lower my price to 3. Selling 2 food this turn."
35,Bram,farmer,FARM,SELL 2@3,2,182,4,True,"[FARM SELL 2 AT 3] The market price is currently 2, and I have 4 food. I need to sell 2 food at a higher price to maintain my asking price strategy and keep cash flowing. Selling at 3 will help me stay above the market "
35,Cy,worker,WORK,BUY 2@3,2,32,5,True,"[WORK BUY 2 AT 3] With only 4 food and 33 cash, I need to ensure I can eat this turn and plan for the next. Given the last price was 3, I should bid the same to secure some food."
35,Dot,worker,WORK,BUY 2@3,0,28,3,True,"[WORK BUY 2 AT 3] Given that I have only 4 food and the game is almost over, I should try to acquire more food before the turn ends. The market price is currently 3, which seems reasonable to bid."
35,Eli,worker,WORK,BUY 2@4,2,14,6,True,"[WORK BUY 2 AT 4] Eli has 5 food, which is sufficient for the next turn. The market price is currently 2, and he bid 3 last turn. Since his buy order did not fill, he should bid 4 this turn to increase the chances of g"
36,Ada,farmer,FARM,SELL 4@4,2,201,6,True,"[FARM SELL 4 AT 4] Given the current market conditions and my strategy, I should continue to farm and sell my excess food. The market price is currently at 3, so I will ask for 4 per food this turn."
36,Bram,farmer,FARM,SELL 2@3,2,189,4,True,"[FARM SELL 2 AT 3] Given the current market conditions and my strategy, I should continue to farm and sell my excess food. The market price is currently 3, so I'll ask 4 for my food. My sell order from last turn did not"
36,Cy,worker,WORK,BUY 2@4,2,28,6,True,"[WORK BUY 2 AT 4] Given that the last market price was 3 and I bid 3 to buy 2 food last turn, it seems the price will likely stay around 3. I need to ensure I have food for the next turn to avoid going hungry."
36,Dot,worker,WORK,BUY 2@4,2,24,4,True,"[WORK BUY 2 AT 4] Given that I have only 3 food and 27 cash, and considering the market price is currently at 3, I should post a buy order to increase my food supply. Since my last buy order did not fill, I will bid 4 "
36,Eli,worker,REST,NONE,0,13,5,True,"[REST NONE] Given that I have 6 food and it's the last turn, I can afford to rest this turn since I won't need to buy any food. However, it's important to ensure the market has some buying power to avoid a situat"
37,Ada,farmer,FARM,SELL 4@5,0,200,6,True,"[FARM SELL 4 AT 5] Last market price was 4, so I will ask 5 for my sell order. Since my sell order did not fill last turn, I will keep the price at 5. I need to ensure I have at least 2 food for myself and sell the rest"
37,Bram,farmer,FARM,SELL 2@5,0,188,6,True,"[FARM SELL 2 AT 5] Given the current market conditions and my strategy, I should continue to farm and sell my excess food. The last market price was 4, so I will ask for 5 this turn. Selling all my excess food ensures I"
37,Cy,worker,WORK,BUY 2@4,0,32,5,True,"[WORK BUY 2 AT 4] Given that I have 6 food, I don't need to buy more. However, considering the market dynamics and the potential for future scarcity, it might be wise to bid slightly above the current price to secure s"
37,Dot,worker,WORK,NONE,0,28,3,True,"[WORK NONE] Given that I have 4 food, I don't need to post a buy order. The market price has been at 3 for the last few turns, and I should continue to follow the strategy of bidding the last market price."
37,Eli,worker,WORK,BUY 2@4,0,17,4,True,"[WORK BUY 2 AT 4] I need to work to earn more cash and get some food before the turn ends. The market price is at 3, and since my buy order from last turn did not fill, I should bid slightly higher."
38,Ada,farmer,FARM,SELL 4@5,0,199,6,True,"[FARM SELL 4 AT 5] Last market price was 4, so I will ask 5 for my food. Since my sell order did not fill last turn, I will not reduce my price. I need to keep 2 food for myself, so I will sell 4 food this turn."
38,Bram,farmer,FARM,SELL 4@4,2,195,6,True,"[FARM SELL 4 AT 4] Last market price was 4, so I should ask 5 for my sell order. Since my sell order from last turn did not fill, I should ask 4 for this turn."
38,Cy,worker,WORK,BUY 2@3,0,36,4,True,"[WORK BUY 2 AT 3] I need to work to earn more cash and buy food. The market price is stable at 3, and I should post a buy order to increase competition and lower the price."
38,Dot,worker,WORK,BUY 2@4,2,24,4,True,"[WORK BUY 2 AT 4] Given that I currently have 3 food, I should post a buy order for 2 food at the last market price of 3. My previous order did not fill, so I'll bid 4 this time to increase my chances."
38,Eli,worker,WORK,BUY 2@3,0,21,3,True,"[WORK BUY 2 AT 3] Given that I have 4 food and 16 cash, I can afford to work and earn 5 more cash. Posting a buy order at the last market price of 3 would be reasonable, as it matches the current price."
39,Ada,farmer,FARM,SELL 4@4,4,214,4,True,"[FARM SELL 4 AT 4] Last market price was 4, so I'll ask 5 for my sell order this turn. Since my sell order from last turn didn't fill, I'll ask 4 for this one."
39,Bram,farmer,FARM,SELL 4@4,0,194,6,True,"[FARM SELL 4 AT 4] Given that I have 6 food and 194 cash, I should sell the extra food to clear the market and ensure I have cash for the next turn. Posting a sell order at 4 would be appropriate since it's the last pri"
39,Cy,worker,WORK,BUY 2@4,2,32,5,True,"[WORK BUY 2 AT 4] Given that I have 4 food, I should work to earn more cash. The market price is currently 4, and since my last bid was 3, I should bid 4 this turn to potentially fill my order."
39,Dot,worker,WORK,NONE,0,28,3,True,"[WORK NONE] Given that I have 4 food, I don't need to post a buy order. The market seems stable with prices around 4, and I can afford to work and earn more cash."
39,Eli,worker,WORK,BUY 2@4,2,17,4,True,"[WORK BUY 2 AT 4] Given my current cash and food, I should work to earn more cash. Since I have less than 3 food, I need to post a buy order to get food before it's too late. The last market price was 3, so I'll bid 4 "
40,Ada,farmer,FARM,SELL 2@4,2,221,4,True,"[FARM SELL 2 AT 4] Given the current market conditions and my strategy, I should continue to farm to ensure I have enough food. With only 4 food, I need to farm more to have enough for the next turn. I'll also post a se"
40,Bram,farmer,FARM,SELL 4@4,4,209,4,True,"[FARM SELL 4 AT 4] Given the current market conditions and my strategy, I should continue to farm and sell my excess food. The market price is currently at 4, and I have 6 food. Selling 4 food at 4 will help manage my i"
40,Cy,worker,WORK,BUY 2@4,2,28,6,True,"[WORK BUY 2 AT 4] I currently have 5 food, which means I don't need to buy any food this turn. However, I should post a buy order in case someone else sells food, as the price is currently stable at 4."
40,Dot,worker,WORK,BUY 2@5,2,24,4,True,"[WORK BUY 2 AT 5] Given that I have only 3 food and the game is ending, I should buy food to ensure I have enough to survive this turn. The last market price was 4, so I'll bid 5 for my buy order."
40,Eli,worker,WORK,BUY 2@4,2,13,5,True,"[WORK BUY 2 AT 4] I need to work to earn cash since I'm short on food and have no cash to buy more. Buying food is crucial, but I only have 16 cash and need to save some for potential future needs."
